{"xy_sens": 9.5, "targeting_sens": 31.0, "xy_scale": 1.0526315789473684, "targeting_scale": 3.395585738539898}